,mean,median,std_dev,range
Unnamed: 0,14.5,14.5,0.0,27
p1,163305.19999999998,163282.32142857142,640.6024894524654,339416
p2,16432.785714285714,16415.821428571428,146.87411238106773,75255
p3,19898.792857142857,19889.35714285714,145.02431432265084,50846
p4,140052.61428571428,140009.82142857142,531.3374563933482,223206
p5,79558.28571428571,79548.78571428571,518.9452235839863,170158
